idR,latitude,longitude,commune,region,departement,code_commune
1,47.90114979996115,1.9052942,Orléans,Centre-Val de Loire,Loiret,45234
2,47.915769999957696,1.901334,Orléans,Centre-Val de Loire,Loiret,45234
3,47.901402699961075,1.9085654,Orléans,Centre-Val de Loire,Loiret,45234
4,47.88385589996523,1.8978531,Orléans,Centre-Val de Loire,Loiret,45234
5,47.900086299961394,1.9080137,Orléans,Centre-Val de Loire,Loiret,45234
6,47.90005459996141,1.9085976,Orléans,Centre-Val de Loire,Loiret,45234
7,47.914159099958084,1.9310622,Orléans,Centre-Val de Loire,Loiret,45234
8,47.90467339996032,1.9054386,Orléans,Centre-Val de Loire,Loiret,45234
9,47.90024909996137,1.9112915,Orléans,Centre-Val de Loire,Loiret,45234
10,47.847591699973755,1.9380651,Orléans,Centre-Val de Loire,Loiret,45234
11,47.90383759996051,1.9055246,Orléans,Centre-Val de Loire,Loiret,45234
12,47.844586499974476,1.9357554,Orléans,Centre-Val de Loire,Loiret,45234
13,47.83922379997572,1.935991,Orléans,Centre-Val de Loire,Loiret,45234
14,47.91491299995789,1.8994738,Orléans,Centre-Val de Loire,Loiret,45234
15,47.8996718999615,1.9064994,Orléans,Centre-Val de Loire,Loiret,45234
16,47.90010289996138,1.908208,Orléans,Centre-Val de Loire,Loiret,45234
17,47.898168199961844,1.9070774,Orléans,Centre-Val de Loire,Loiret,45234
18,47.877927299966636,1.9095004,Orléans,Centre-Val de Loire,Loiret,45234
19,47.907815799959565,1.904207,Orléans,Centre-Val de Loire,Loiret,45234
20,47.89839649996179,1.8978947,Orléans,Centre-Val de Loire,Loiret,45234
21,47.900976799961185,1.9062535,Orléans,Centre-Val de Loire,Loiret,45234
22,47.89910859996162,1.9031726,Orléans,Centre-Val de Loire,Loiret,45234
23,47.9043767999604,1.9129917,Orléans,Centre-Val de Loire,Loiret,45234
24,47.900074899961396,1.8818186,Orléans,Centre-Val de Loire,Loiret,45234
25,47.90423649996041,1.902754,Orléans,Centre-Val de Loire,Loiret,45234
26,47.83867619997584,1.9302453,Orléans,Centre-Val de Loire,Loiret,45234
27,47.91106249995881,1.9153427,Orléans,Centre-Val de Loire,Loiret,45234
28,47.901047699961175,1.9043539,Orléans,Centre-Val de Loire,Loiret,45234
29,47.89995479996142,1.9076024,Orléans,Centre-Val de Loire,Loiret,45234
30,47.897483799962025,1.9088148,Orléans,Centre-Val de Loire,Loiret,45234
31,47.90071709996125,1.9076406,Orléans,Centre-Val de Loire,Loiret,45234
32,47.90027269996135,1.9102949,Orléans,Centre-Val de Loire,Loiret,45234
33,47.898592999961735,1.9094516,Orléans,Centre-Val de Loire,Loiret,45234
34,47.89842689996178,1.9082305,Orléans,Centre-Val de Loire,Loiret,45234
35,47.898285099961825,1.9079104,Orléans,Centre-Val de Loire,Loiret,45234
36,47.90883829995933,1.90078,Orléans,Centre-Val de Loire,Loiret,45234
37,47.908863899959336,1.8837639,Orléans,Centre-Val de Loire,Loiret,45234
38,47.90367589996053,1.9151535,Orléans,Centre-Val de Loire,Loiret,45234
39,47.89907889996164,1.9094706,Orléans,Centre-Val de Loire,Loiret,45234
40,47.89852189996176,1.9094562,Orléans,Centre-Val de Loire,Loiret,45234
41,47.89995959996144,1.9066531,Orléans,Centre-Val de Loire,Loiret,45234
42,47.90417719996042,1.9011083,Orléans,Centre-Val de Loire,Loiret,45234
43,47.9009547999612,1.9031603,Orléans,Centre-Val de Loire,Loiret,45234
44,47.89994069996145,1.9074039,Orléans,Centre-Val de Loire,Loiret,45234
45,47.908439399959406,1.9038095,Orléans,Centre-Val de Loire,Loiret,45234
46,47.90034609996133,1.9124937,Orléans,Centre-Val de Loire,Loiret,45234
47,47.902350299960865,1.9030952,Orléans,Centre-Val de Loire,Loiret,45234
48,47.90200519996095,1.9032352,Orléans,Centre-Val de Loire,Loiret,45234
49,47.89885869996168,1.9022166,Orléans,Centre-Val de Loire,Loiret,45234
50,47.89908869996164,1.9069443,Orléans,Centre-Val de Loire,Loiret,45234
51,47.901198399961146,1.9015487,Orléans,Centre-Val de Loire,Loiret,45234
52,47.907886699959555,1.9037583,Orléans,Centre-Val de Loire,Loiret,45234
53,47.90011069996139,1.9094063,Orléans,Centre-Val de Loire,Loiret,45234
54,47.90145349996108,1.9064582,Orléans,Centre-Val de Loire,Loiret,45234
55,47.900389299961326,1.9055806,Orléans,Centre-Val de Loire,Loiret,45234
56,47.89993789996144,1.9073431,Orléans,Centre-Val de Loire,Loiret,45234
57,47.906127799959975,1.9054781,Orléans,Centre-Val de Loire,Loiret,45234
58,47.90651999995988,1.9070524,Orléans,Centre-Val de Loire,Loiret,45234
59,47.89952069996153,1.9069553,Orléans,Centre-Val de Loire,Loiret,45234
60,47.90026069996135,1.9116547,Orléans,Centre-Val de Loire,Loiret,45234
61,47.8945269999627,1.9067293,Orléans,Centre-Val de Loire,Loiret,45234
62,47.903061799960696,1.8984015,Orléans,Centre-Val de Loire,Loiret,45234
63,47.900366499961336,1.9116127,Orléans,Centre-Val de Loire,Loiret,45234
64,47.89957489996152,1.9078138,Orléans,Centre-Val de Loire,Loiret,45234
65,47.90441819996037,1.906254,Orléans,Centre-Val de Loire,Loiret,45234
66,47.90116099996115,1.8924308,Orléans,Centre-Val de Loire,Loiret,45234
67,47.905913999960035,1.9142051,Orléans,Centre-Val de Loire,Loiret,45234
68,47.902013299960934,1.9052499,Orléans,Centre-Val de Loire,Loiret,45234
69,47.87251959996788,1.9121184,Orléans,Centre-Val de Loire,Loiret,45234
70,47.84820849997361,1.9416787,Orléans,Centre-Val de Loire,Loiret,45234
71,47.89857259996175,1.9073757,Orléans,Centre-Val de Loire,Loiret,45234
72,47.90183429996099,1.8995949,Orléans,Centre-Val de Loire,Loiret,45234
73,47.90581939996004,1.8913297,Orléans,Centre-Val de Loire,Loiret,45234
74,47.90135459996109,1.9057806,Orléans,Centre-Val de Loire,Loiret,45234
75,47.9000374999614,1.9083272,Orléans,Centre-Val de Loire,Loiret,45234
76,47.89811559996185,1.9058342,Orléans,Centre-Val de Loire,Loiret,45234
77,47.90004539996141,1.9084184,Orléans,Centre-Val de Loire,Loiret,45234
78,47.907317099959684,1.8880602,Orléans,Centre-Val de Loire,Loiret,45234
79,47.90950599995919,1.9076668,Orléans,Centre-Val de Loire,Loiret,45234
80,47.897500099962016,1.9094787,Orléans,Centre-Val de Loire,Loiret,45234
81,47.89977149996149,1.8809981,Orléans,Centre-Val de Loire,Loiret,45234
82,47.899556299961525,1.9072573,Orléans,Centre-Val de Loire,Loiret,45234
83,47.90363659996056,1.8955114,Orléans,Centre-Val de Loire,Loiret,45234
84,47.898926499961675,1.9064219,Orléans,Centre-Val de Loire,Loiret,45234
85,47.877685599966675,1.9101883,Orléans,Centre-Val de Loire,Loiret,45234
86,47.90135619996109,1.9215866,Orléans,Centre-Val de Loire,Loiret,45234
87,47.898267899961844,1.9070394,Orléans,Centre-Val de Loire,Loiret,45234
88,47.90009179996139,1.9092406,Orléans,Centre-Val de Loire,Loiret,45234
89,47.89858489996177,1.90866,Orléans,Centre-Val de Loire,Loiret,45234
90,47.89807789996186,1.9103597,Orléans,Centre-Val de Loire,Loiret,45234
91,47.89464759996268,1.9031566,Orléans,Centre-Val de Loire,Loiret,45234
92,47.91045059995895,1.9118843,Orléans,Centre-Val de Loire,Loiret,45234
93,47.898228799961835,1.8925944,Orléans,Centre-Val de Loire,Loiret,45234
94,47.901797999961005,1.9054321,Orléans,Centre-Val de Loire,Loiret,45234
95,47.90041119996132,1.9121885,Orléans,Centre-Val de Loire,Loiret,45234
96,47.89952029996153,1.9068552,Orléans,Centre-Val de Loire,Loiret,45234
97,47.91612619995761,1.9279774,Orléans,Centre-Val de Loire,Loiret,45234
98,47.899953499961434,1.9034543,Orléans,Centre-Val de Loire,Loiret,45234
99,47.90089359996121,1.9026292,Orléans,Centre-Val de Loire,Loiret,45234
100,47.906263599959956,1.9018631,Orléans,Centre-Val de Loire,Loiret,45234
101,47.90163789996103,1.8996845,Orléans,Centre-Val de Loire,Loiret,45234
102,47.90966379995911,1.9008895,Orléans,Centre-Val de Loire,Loiret,45234
103,47.89832689996183,1.8960237,Orléans,Centre-Val de Loire,Loiret,45234
104,47.90144619996109,1.9011242,Orléans,Centre-Val de Loire,Loiret,45234
105,47.90210869996092,1.9051406,Orléans,Centre-Val de Loire,Loiret,45234
106,47.90777089995959,1.8932727,Orléans,Centre-Val de Loire,Loiret,45234
107,47.90123629996113,1.9034268,Orléans,Centre-Val de Loire,Loiret,45234
108,47.90609289995998,1.8906777,Orléans,Centre-Val de Loire,Loiret,45234
109,47.900440999961305,1.9137968,Orléans,Centre-Val de Loire,Loiret,45234
110,47.900109399961394,1.9095196,Orléans,Centre-Val de Loire,Loiret,45234
111,47.92195789995623,1.8916435,Orléans,Centre-Val de Loire,Loiret,45234
112,47.90322089996065,1.8958224,Orléans,Centre-Val de Loire,Loiret,45234
113,47.9043614999604,1.9098505,Orléans,Centre-Val de Loire,Loiret,45234
114,47.900010899961416,1.9073249,Orléans,Centre-Val de Loire,Loiret,45234
115,47.91095479995883,1.9084886,Orléans,Centre-Val de Loire,Loiret,45234
116,47.89807979996186,1.908555,Orléans,Centre-Val de Loire,Loiret,45234
117,47.910547299958914,1.9040149,Orléans,Centre-Val de Loire,Loiret,45234
118,47.91466919995796,1.899311,Orléans,Centre-Val de Loire,Loiret,45234
119,47.906069199959965,1.9057466,Orléans,Centre-Val de Loire,Loiret,45234
120,47.90156219996106,1.9014313,Orléans,Centre-Val de Loire,Loiret,45234
121,47.90258899996081,1.9024536,Orléans,Centre-Val de Loire,Loiret,45234
122,47.9025707999608,1.8968266,Orléans,Centre-Val de Loire,Loiret,45234
123,47.90357059996058,1.9080305,Orléans,Centre-Val de Loire,Loiret,45234
124,47.90121879996114,1.9031592,Orléans,Centre-Val de Loire,Loiret,45234
125,47.90365289996056,1.903619,Orléans,Centre-Val de Loire,Loiret,45234
126,47.89983109996146,1.9077667,Orléans,Centre-Val de Loire,Loiret,45234
127,47.87377389996762,1.9123764,Orléans,Centre-Val de Loire,Loiret,45234
128,47.83919549997574,1.9351176,Orléans,Centre-Val de Loire,Loiret,45234
129,47.84227870924464,1.924603673524179,Orléans,Centre-Val de Loire,Loiret,45234
130,47.909788199959095,1.9008241,Orléans,Centre-Val de Loire,Loiret,45234
131,47.90026149996137,1.9114432,Orléans,Centre-Val de Loire,Loiret,45234
132,47.89943389996155,1.8785061,Orléans,Centre-Val de Loire,Loiret,45234
133,47.90009039996139,1.9091197,Orléans,Centre-Val de Loire,Loiret,45234
134,47.905663899960096,1.9051471,Orléans,Centre-Val de Loire,Loiret,45234
135,47.9005030999613,1.9062301,Orléans,Centre-Val de Loire,Loiret,45234
136,47.900449099961314,1.9126633,Orléans,Centre-Val de Loire,Loiret,45234
137,47.899508499961534,1.9067662,Orléans,Centre-Val de Loire,Loiret,45234
138,47.89840879996178,1.9062222,Orléans,Centre-Val de Loire,Loiret,45234
139,47.90000789996141,1.9082521,Orléans,Centre-Val de Loire,Loiret,45234
140,47.88672839996457,1.9051434,Orléans,Centre-Val de Loire,Loiret,45234
141,47.904360799960386,1.9029851,Orléans,Centre-Val de Loire,Loiret,45234
142,47.83199219997742,1.9286945,Orléans,Centre-Val de Loire,Loiret,45234
143,47.89954489996153,1.9065307,Orléans,Centre-Val de Loire,Loiret,45234
144,47.90185379996098,1.9085023,Orléans,Centre-Val de Loire,Loiret,45234
145,47.90770209995961,1.9037334,Orléans,Centre-Val de Loire,Loiret,45234
146,47.90636889995991,1.9042957,Orléans,Centre-Val de Loire,Loiret,45234
147,47.894283199962764,1.9011563,Orléans,Centre-Val de Loire,Loiret,45234
148,47.91627829995757,1.9006242,Orléans,Centre-Val de Loire,Loiret,45234
149,47.90037169996133,1.9128628,Orléans,Centre-Val de Loire,Loiret,45234
150,47.90123949996115,1.905286,Orléans,Centre-Val de Loire,Loiret,45234
151,47.90022389996137,1.9054497,Orléans,Centre-Val de Loire,Loiret,45234
152,47.90838009995944,1.9009428,Orléans,Centre-Val de Loire,Loiret,45234
153,47.900082599961394,1.9079626,Orléans,Centre-Val de Loire,Loiret,45234
154,47.90002669996141,1.9052374,Orléans,Centre-Val de Loire,Loiret,45234
155,47.90138639996108,1.9023229,Orléans,Centre-Val de Loire,Loiret,45234
156,47.89998539996142,1.9064846,Orléans,Centre-Val de Loire,Loiret,45234
157,47.90038159996133,1.9118051,Orléans,Centre-Val de Loire,Loiret,45234
158,47.90699259995976,1.9047974,Orléans,Centre-Val de Loire,Loiret,45234
159,47.9051581999602,1.9047877,Orléans,Centre-Val de Loire,Loiret,45234
160,47.84391969997463,1.9327329,Orléans,Centre-Val de Loire,Loiret,45234
161,47.89946979996155,1.8788792,Orléans,Centre-Val de Loire,Loiret,45234
162,47.899309499961575,1.9067548,Orléans,Centre-Val de Loire,Loiret,45234
163,47.899993899961416,1.9081151,Orléans,Centre-Val de Loire,Loiret,45234
164,47.900265199961346,1.9102187,Orléans,Centre-Val de Loire,Loiret,45234
165,47.900377299961335,1.9117403,Orléans,Centre-Val de Loire,Loiret,45234
166,47.900405699961325,1.9121075,Orléans,Centre-Val de Loire,Loiret,45234
167,47.898306399961825,1.9044157,Orléans,Centre-Val de Loire,Loiret,45234
168,47.89462739996268,1.9037944,Orléans,Centre-Val de Loire,Loiret,45234
169,47.900327999961355,1.9122399,Orléans,Centre-Val de Loire,Loiret,45234
170,47.90010839996139,1.9093625,Orléans,Centre-Val de Loire,Loiret,45234
171,47.89946769996155,1.9058562,Orléans,Centre-Val de Loire,Loiret,45234
172,47.90944259995919,1.9076031,Orléans,Centre-Val de Loire,Loiret,45234
173,47.90195659996094,1.9025993,Orléans,Centre-Val de Loire,Loiret,45234
174,47.900237099961366,1.9111616,Orléans,Centre-Val de Loire,Loiret,45234
175,47.899003299961656,1.9068444,Orléans,Centre-Val de Loire,Loiret,45234
176,47.900375899961325,1.9130215,Orléans,Centre-Val de Loire,Loiret,45234
177,47.90074299996124,1.931005,Orléans,Centre-Val de Loire,Loiret,45234
178,47.901802399961,1.8940645,Orléans,Centre-Val de Loire,Loiret,45234
179,47.91476789995792,1.8999233,Orléans,Centre-Val de Loire,Loiret,45234
180,47.89831049996182,1.9049024,Orléans,Centre-Val de Loire,Loiret,45234
181,47.90148249996107,1.9030445,Orléans,Centre-Val de Loire,Loiret,45234
182,47.91569339995771,1.9006097,Orléans,Centre-Val de Loire,Loiret,45234
183,47.90030749996134,1.9105097,Orléans,Centre-Val de Loire,Loiret,45234
184,47.902962499960715,1.895903,Orléans,Centre-Val de Loire,Loiret,45234
185,47.90191509996096,1.924052,Orléans,Centre-Val de Loire,Loiret,45234
186,47.899116499961615,1.9088674,Orléans,Centre-Val de Loire,Loiret,45234
187,47.840213799975494,1.9347403,Orléans,Centre-Val de Loire,Loiret,45234
188,47.899929099961454,1.9072421,Orléans,Centre-Val de Loire,Loiret,45234
189,47.90066379996127,1.9136189,Orléans,Centre-Val de Loire,Loiret,45234
190,47.9005066999613,1.9060323,Orléans,Centre-Val de Loire,Loiret,45234
191,47.89827219996184,1.9094358,Orléans,Centre-Val de Loire,Loiret,45234
192,47.91480449995792,1.8964116,Orléans,Centre-Val de Loire,Loiret,45234
193,47.84377509997465,1.9328695,Orléans,Centre-Val de Loire,Loiret,45234
194,47.901581699961056,1.9078356,Orléans,Centre-Val de Loire,Loiret,45234
195,47.90028009996136,1.91177,Orléans,Centre-Val de Loire,Loiret,45234
196,47.900263599961356,1.9115209,Orléans,Centre-Val de Loire,Loiret,45234
197,47.90615479995998,1.8899903,Orléans,Centre-Val de Loire,Loiret,45234
198,47.90402649996046,1.9053202,Orléans,Centre-Val de Loire,Loiret,45234
199,47.90041389996132,1.9135464,Orléans,Centre-Val de Loire,Loiret,45234
200,47.900555999961284,1.9138035,Orléans,Centre-Val de Loire,Loiret,45234
201,47.902204199960906,1.9031302,Orléans,Centre-Val de Loire,Loiret,45234
202,47.90521059996018,1.9045264,Orléans,Centre-Val de Loire,Loiret,45234
203,47.84300319997484,1.9357882,Orléans,Centre-Val de Loire,Loiret,45234
204,47.89975459996148,1.9077829,Orléans,Centre-Val de Loire,Loiret,45234
205,47.903769699960534,1.9036472,Orléans,Centre-Val de Loire,Loiret,45234
206,47.89932439996156,1.9059735,Orléans,Centre-Val de Loire,Loiret,45234
207,47.888079999964226,1.8948448,Orléans,Centre-Val de Loire,Loiret,45234
208,47.877880699966646,1.9096779,Orléans,Centre-Val de Loire,Loiret,45234
209,47.90035129996133,1.9037317,Orléans,Centre-Val de Loire,Loiret,45234
210,47.89911299996162,1.9037087,Orléans,Centre-Val de Loire,Loiret,45234
211,47.90522599996019,1.8967029,Orléans,Centre-Val de Loire,Loiret,45234
212,47.91156799995868,1.9154029,Orléans,Centre-Val de Loire,Loiret,45234
213,47.91828229995709,1.8988777,Orléans,Centre-Val de Loire,Loiret,45234
214,47.90197369996096,1.9031998,Orléans,Centre-Val de Loire,Loiret,45234
215,47.90041829996133,1.9123286,Orléans,Centre-Val de Loire,Loiret,45234
216,47.90062559996125,1.9066491,Orléans,Centre-Val de Loire,Loiret,45234
217,47.89464659996268,1.9034758,Orléans,Centre-Val de Loire,Loiret,45234
218,47.90361829996057,1.9034171,Orléans,Centre-Val de Loire,Loiret,45234
219,47.899483099961536,1.9065426,Orléans,Centre-Val de Loire,Loiret,45234
220,47.90134519996109,1.921477,Orléans,Centre-Val de Loire,Loiret,45234
221,47.901107499961164,1.9048803,Orléans,Centre-Val de Loire,Loiret,45234
222,47.90160219996105,1.9030293,Orléans,Centre-Val de Loire,Loiret,45234
223,47.906917699959784,1.9054786,Orléans,Centre-Val de Loire,Loiret,45234
224,47.902040299960944,1.9037326,Orléans,Centre-Val de Loire,Loiret,45234
225,47.900699699961244,1.9063256,Orléans,Centre-Val de Loire,Loiret,45234
226,47.89328509996301,1.8947951,Orléans,Centre-Val de Loire,Loiret,45234
227,47.90026309996136,1.9092627,Orléans,Centre-Val de Loire,Loiret,45234
228,47.90811909995951,1.9064113,Orléans,Centre-Val de Loire,Loiret,45234
229,47.91947439995682,1.9192349,Orléans,Centre-Val de Loire,Loiret,45234
230,47.90041289996133,1.9133197,Orléans,Centre-Val de Loire,Loiret,45234
231,47.90070839996125,1.9170397,Orléans,Centre-Val de Loire,Loiret,45234
232,47.90000949996141,1.9072391,Orléans,Centre-Val de Loire,Loiret,45234
233,47.89889589996168,1.9126164,Orléans,Centre-Val de Loire,Loiret,45234
234,47.889101799963996,1.89642,Orléans,Centre-Val de Loire,Loiret,45234
235,47.90196409996097,1.897445,Orléans,Centre-Val de Loire,Loiret,45234
236,47.89910249996163,1.9035354,Orléans,Centre-Val de Loire,Loiret,45234
237,47.89811589996187,1.9046793,Orléans,Centre-Val de Loire,Loiret,45234
238,47.89828289996183,1.9085477,Orléans,Centre-Val de Loire,Loiret,45234
239,47.90191349996097,1.9054018,Orléans,Centre-Val de Loire,Loiret,45234
240,47.90050719996129,1.9133892,Orléans,Centre-Val de Loire,Loiret,45234
241,47.88296709996544,1.9037131,Orléans,Centre-Val de Loire,Loiret,45234
242,47.88688199996452,1.9056652,Orléans,Centre-Val de Loire,Loiret,45234
243,47.899438199961565,1.903975,Orléans,Centre-Val de Loire,Loiret,45234
244,47.815701299981235,1.9405488,Orléans,Centre-Val de Loire,Loiret,45234
245,47.910208399959004,1.9005123,Orléans,Centre-Val de Loire,Loiret,45234
246,47.88701319996447,1.9106934,Orléans,Centre-Val de Loire,Loiret,45234
247,47.90142969996108,1.9032651,Orléans,Centre-Val de Loire,Loiret,45234
248,47.898991099961655,1.906446,Orléans,Centre-Val de Loire,Loiret,45234
249,47.892081999963295,1.8886984,Orléans,Centre-Val de Loire,Loiret,45234
250,47.90598769996001,1.902046,Orléans,Centre-Val de Loire,Loiret,45234
251,47.898390899961804,1.9050183,Orléans,Centre-Val de Loire,Loiret,45234
252,47.899686499961504,1.906319,Orléans,Centre-Val de Loire,Loiret,45234
253,47.90934289995922,1.9007319,Orléans,Centre-Val de Loire,Loiret,45234
254,47.909040899959265,1.9011322,Orléans,Centre-Val de Loire,Loiret,45234
255,47.900276699961346,1.9103823,Orléans,Centre-Val de Loire,Loiret,45234
256,47.90039239996134,1.9119656,Orléans,Centre-Val de Loire,Loiret,45234
257,47.900412799961316,1.9122641,Orléans,Centre-Val de Loire,Loiret,45234
258,47.90033239996135,1.911152,Orléans,Centre-Val de Loire,Loiret,45234
259,47.90235059996086,1.9027775,Orléans,Centre-Val de Loire,Loiret,45234
260,47.881574999965764,1.9011056,Orléans,Centre-Val de Loire,Loiret,45234
261,47.8991570999616,1.9040011,Orléans,Centre-Val de Loire,Loiret,45234
262,47.93201709995384,1.8950159,Orléans,Centre-Val de Loire,Loiret,45234
263,47.9046895999603,1.905342,Orléans,Centre-Val de Loire,Loiret,45234
264,47.887962899964265,1.9049031,Orléans,Centre-Val de Loire,Loiret,45234
265,47.90021679996137,1.9097278,Orléans,Centre-Val de Loire,Loiret,45234
266,47.89872629996172,1.9056536,Orléans,Centre-Val de Loire,Loiret,45234
267,47.84403609997459,1.9328925,Orléans,Centre-Val de Loire,Loiret,45234
268,47.90151449996107,1.9017813,Orléans,Centre-Val de Loire,Loiret,45234
269,47.89915339996162,1.9047207,Orléans,Centre-Val de Loire,Loiret,45234
270,47.90618389995997,1.8899459,Orléans,Centre-Val de Loire,Loiret,45234
271,47.89932669996156,1.9060675,Orléans,Centre-Val de Loire,Loiret,45234
272,47.90235919996086,1.9029148,Orléans,Centre-Val de Loire,Loiret,45234
273,47.88327599996536,1.8982364,Orléans,Centre-Val de Loire,Loiret,45234
274,47.90024879996135,1.9099554,Orléans,Centre-Val de Loire,Loiret,45234
275,47.8983622999618,1.9046331,Orléans,Centre-Val de Loire,Loiret,45234
276,47.908212899959494,1.9037936,Orléans,Centre-Val de Loire,Loiret,45234
277,47.899585999961516,1.9075017,Orléans,Centre-Val de Loire,Loiret,45234
278,47.89999509996141,1.8824904,Orléans,Centre-Val de Loire,Loiret,45234
279,47.910842699958856,1.9191134,Orléans,Centre-Val de Loire,Loiret,45234
280,47.90872609995937,1.914484,Orléans,Centre-Val de Loire,Loiret,45234
281,47.90015649996138,1.9011606,Orléans,Centre-Val de Loire,Loiret,45234
282,47.90040759996132,1.907454,Orléans,Centre-Val de Loire,Loiret,45234
283,47.89946749996154,1.9060114,Orléans,Centre-Val de Loire,Loiret,45234
284,47.900686599961254,1.9028938,Orléans,Centre-Val de Loire,Loiret,45234
285,47.902095199960925,1.904563,Orléans,Centre-Val de Loire,Loiret,45234
286,47.90067469996127,1.9081148,Orléans,Centre-Val de Loire,Loiret,45234
287,47.900078499961396,1.905651,Orléans,Centre-Val de Loire,Loiret,45234
288,47.90020539996137,1.9094721,Orléans,Centre-Val de Loire,Loiret,45234
289,47.90033959996135,1.9112713,Orléans,Centre-Val de Loire,Loiret,45234
290,47.8991844999616,1.9042575,Orléans,Centre-Val de Loire,Loiret,45234
291,47.90880339995933,1.9038268,Orléans,Centre-Val de Loire,Loiret,45234
292,47.90081229996123,1.9169541,Orléans,Centre-Val de Loire,Loiret,45234
293,47.90908119995927,1.9010332,Orléans,Centre-Val de Loire,Loiret,45234
294,47.908282899959474,1.9009039,Orléans,Centre-Val de Loire,Loiret,45234
295,47.89998699996141,1.9068156,Orléans,Centre-Val de Loire,Loiret,45234
296,47.902102199960915,1.9024518,Orléans,Centre-Val de Loire,Loiret,45234
297,47.903837999960516,1.9040219,Orléans,Centre-Val de Loire,Loiret,45234
298,47.89941789996156,1.9068078,Orléans,Centre-Val de Loire,Loiret,45234
299,47.898567799961754,1.9071963,Orléans,Centre-Val de Loire,Loiret,45234
300,47.89887319996169,1.9059809,Orléans,Centre-Val de Loire,Loiret,45234
301,47.894127199962824,1.9066887,Orléans,Centre-Val de Loire,Loiret,45234
302,47.90787329995956,1.9058248,Orléans,Centre-Val de Loire,Loiret,45234
303,47.90032489996134,1.9121808,Orléans,Centre-Val de Loire,Loiret,45234
304,47.902839899960746,1.9043556,Orléans,Centre-Val de Loire,Loiret,45234
305,47.90028289996135,1.9104412,Orléans,Centre-Val de Loire,Loiret,45234
306,47.89972849996148,1.9056596,Orléans,Centre-Val de Loire,Loiret,45234
307,47.90039959996133,1.9120317,Orléans,Centre-Val de Loire,Loiret,45234
308,47.90733989995967,1.9036657,Orléans,Centre-Val de Loire,Loiret,45234
309,47.90058909996127,1.9038818,Orléans,Centre-Val de Loire,Loiret,45234
310,47.90174979996101,1.9001931,Orléans,Centre-Val de Loire,Loiret,45234
311,47.89996809996142,1.906754,Orléans,Centre-Val de Loire,Loiret,45234
312,47.901242599961115,1.905799,Orléans,Centre-Val de Loire,Loiret,45234
313,47.89960009996152,1.907685,Orléans,Centre-Val de Loire,Loiret,45234
314,47.89865929996173,1.906386,Orléans,Centre-Val de Loire,Loiret,45234
315,47.907514199959635,1.9143767,Orléans,Centre-Val de Loire,Loiret,45234
316,47.899564899961526,1.907441,Orléans,Centre-Val de Loire,Loiret,45234
317,47.90009709996141,1.9059734,Orléans,Centre-Val de Loire,Loiret,45234
318,47.90151339996104,1.9005177,Orléans,Centre-Val de Loire,Loiret,45234
319,47.901732199961,1.9070735,Orléans,Centre-Val de Loire,Loiret,45234
320,47.87963517979845,1.9078302877923263,Orléans,Centre-Val de Loire,Loiret,45234
321,47.900185199961385,1.909289,Orléans,Centre-Val de Loire,Loiret,45234
322,47.9005392999613,1.9053474,Orléans,Centre-Val de Loire,Loiret,45234
323,47.900068099961395,1.9077365,Orléans,Centre-Val de Loire,Loiret,45234
324,47.90072769996124,1.9077452,Orléans,Centre-Val de Loire,Loiret,45234
325,47.90011109996139,1.9096867,Orléans,Centre-Val de Loire,Loiret,45234
326,47.900077399961404,1.9079084,Orléans,Centre-Val de Loire,Loiret,45234
327,47.90283329996075,1.9045786,Orléans,Centre-Val de Loire,Loiret,45234
328,47.89467259996267,1.9069984,Orléans,Centre-Val de Loire,Loiret,45234
329,47.90002229996142,1.9074446,Orléans,Centre-Val de Loire,Loiret,45234
330,47.84321349997479,1.9359178,Orléans,Centre-Val de Loire,Loiret,45234
331,47.901051599961164,1.8931719,Orléans,Centre-Val de Loire,Loiret,45234
332,47.90465779996033,1.9118159,Orléans,Centre-Val de Loire,Loiret,45234
333,47.90171109996102,1.9052489,Orléans,Centre-Val de Loire,Loiret,45234
334,47.902540699960824,1.9024661,Orléans,Centre-Val de Loire,Loiret,45234
335,47.9140042999581,1.8958811,Orléans,Centre-Val de Loire,Loiret,45234
336,47.89986699996144,1.9064809,Orléans,Centre-Val de Loire,Loiret,45234
337,47.899342799961566,1.9067476,Orléans,Centre-Val de Loire,Loiret,45234
338,47.906286299959945,1.8978459,Orléans,Centre-Val de Loire,Loiret,45234
339,47.878075199966574,1.9099354,Orléans,Centre-Val de Loire,Loiret,45234
340,47.89900189996166,1.9067007,Orléans,Centre-Val de Loire,Loiret,45234
341,47.876594599966936,1.9101569,Orléans,Centre-Val de Loire,Loiret,45234
342,47.8984233999618,1.9085144,Orléans,Centre-Val de Loire,Loiret,45234
343,47.90796679995953,1.9037692,Orléans,Centre-Val de Loire,Loiret,45234
344,47.89822644996184,1.9178952999999987,Orléans,Centre-Val de Loire,Loiret,45234
345,47.898189199961855,1.9085444,Orléans,Centre-Val de Loire,Loiret,45234
346,47.90079319996123,1.9167854,Orléans,Centre-Val de Loire,Loiret,45234
347,47.90161129996103,1.908191,Orléans,Centre-Val de Loire,Loiret,45234
348,47.89455369996272,1.9070039,Orléans,Centre-Val de Loire,Loiret,45234
349,47.90254599996082,1.9109406,Orléans,Centre-Val de Loire,Loiret,45234
350,47.90142629996107,1.9032192,Orléans,Centre-Val de Loire,Loiret,45234
351,47.901105199961165,1.89185,Orléans,Centre-Val de Loire,Loiret,45234
352,47.90118779996114,1.8927127,Orléans,Centre-Val de Loire,Loiret,45234
353,47.909610799959154,1.8950145,Orléans,Centre-Val de Loire,Loiret,45234
354,47.89864719996174,1.9091705,Orléans,Centre-Val de Loire,Loiret,45234
355,47.90503839996024,1.9044904,Orléans,Centre-Val de Loire,Loiret,45234
356,47.90020269996137,1.9093838,Orléans,Centre-Val de Loire,Loiret,45234
357,47.90066309996128,1.9154296,Orléans,Centre-Val de Loire,Loiret,45234
358,47.9162459999576,1.9004259,Orléans,Centre-Val de Loire,Loiret,45234
359,47.89803079996188,1.9050773,Orléans,Centre-Val de Loire,Loiret,45234
360,47.88662459996457,1.8881888,Orléans,Centre-Val de Loire,Loiret,45234
361,47.918192799957104,1.8982391,Orléans,Centre-Val de Loire,Loiret,45234
362,47.907640299959624,1.9037355,Orléans,Centre-Val de Loire,Loiret,45234
363,47.898923699961664,1.9027019,Orléans,Centre-Val de Loire,Loiret,45234
364,47.89857619996177,1.90481,Orléans,Centre-Val de Loire,Loiret,45234
365,47.90025169996137,1.9100312,Orléans,Centre-Val de Loire,Loiret,45234
366,47.90024199996136,1.9101292,Orléans,Centre-Val de Loire,Loiret,45234
367,47.900091399961404,1.9064272,Orléans,Centre-Val de Loire,Loiret,45234
368,47.89861709996175,1.9057683,Orléans,Centre-Val de Loire,Loiret,45234
369,47.89915569996164,1.9092736,Orléans,Centre-Val de Loire,Loiret,45234
370,47.88686419996452,1.9106897,Orléans,Centre-Val de Loire,Loiret,45234
371,47.90047819996129,1.913046,Orléans,Centre-Val de Loire,Loiret,45234
372,47.90123199996113,1.8929895,Orléans,Centre-Val de Loire,Loiret,45234
373,47.90039129996134,1.9132535,Orléans,Centre-Val de Loire,Loiret,45234
374,47.899658099961506,1.909287,Orléans,Centre-Val de Loire,Loiret,45234
375,47.89844469996177,1.9065167,Orléans,Centre-Val de Loire,Loiret,45234
376,47.90020539996137,1.9096135,Orléans,Centre-Val de Loire,Loiret,45234
377,47.90204889996094,1.8977088,Orléans,Centre-Val de Loire,Loiret,45234
378,47.90660359995986,1.8929455,Orléans,Centre-Val de Loire,Loiret,45234
379,47.898398699961795,1.9053456,Orléans,Centre-Val de Loire,Loiret,45234
380,47.90011369996139,1.9097604,Orléans,Centre-Val de Loire,Loiret,45234
381,47.900403899961326,1.9028128,Orléans,Centre-Val de Loire,Loiret,45234
382,47.88221929996561,1.8996214,Orléans,Centre-Val de Loire,Loiret,45234
